sophTimes,seniorTimes
9:30.00,9:12.50
9:54.94,9:12.57
9:54.54,9:12.62
10:00.96,9:12.90
10:00.11,9:12.94
9:41.08,9:13.21
10:16.41,9:13.25
10:08.71,9:13.33
9:22.32,9:13.38
9:42.55,9:13.39
9:36.45,9:13.62
9:39.61,9:13.71
9:37.69,8:56.02
9:17.69,9:14.09
9:38.23,9:14.16
9:52.72,9:14.25
9:59.58,9:14.27
9:30.27,9:14.31
9:41.83,9:14.37
9:52.51,9:14.40
10:21.80,9:14.58
9:36.41,9:14.60
9:49.35,9:14.64
9:55.14,9:14.65
10:09.28,9:14.86
9:48.28,9:14.89
9:42.04,9:15.05
9:38.33,9:15.05
9:28.56,9:15.07
9:20.91,9:15.35
9:59.03,9:15.39
9:21.99,9:15.56
9:35.59,9:15.60
9:50.94,9:15.75
9:27.49,9:15.76
10:05.23,9:15.78
10:07.72,9:15.90
9:21.58,9:16.16
10:30.63,9:16.16
9:38.41,9:16.25
10:14.17,9:16.33
9:16.58,9:16.34
9:55.75,9:16.38
9:45.05,9:16.40
9:39.48,9:16.48
9:17.88,9:16.53
10:15.90,9:16.53
9:42.89,9:16.57
9:37.59,9:16.57
9:46.67,9:16.61
10:00.09,9:16.88
9:43.07,9:16.91
9:46.14,9:17.22
10:09.14,9:17.25
9:43.94,9:17.32
9:49.02,9:17.36
9:32.44,9:17.49
9:43.05,9:17.50
9:59.70,9:17.51
9:39.67,9:17.75
9:31.55,9:17.81
10:01.38,9:17.88
9:36.80,9:17.90
9:23.49,9:17.98
9:41.94,9:18.04
9:59.21,9:18.08
9:29.42,9:18.13
9:21.15,9:18.17
9:39.19,9:18.18
9:29.10,9:18.41
9:49.87,9:18.43
9:30.26,9:18.45
9:45.98,9:18.58
9:39.94,9:18.63
9:35.28,9:18.65
9:46.38,9:18.88
9:33.77,9:18.98
10:08.25,9:19.00
9:25.39,9:19.00
9:50.97,9:19.01
10:36.08,9:19.23
9:53.94,9:19.25
10:13.91,9:19.34
9:56.21,9:19.38
9:38.63,9:19.44
9:44.87,9:19.46
9:53.23,9:19.47
9:34.34,9:19.48
9:50.15,9:19.61
10:10.70,9:19.61
9:37.58,9:19.62
9:45.51,9:19.69
10:02.99,9:19.70
9:44.63,9:19.81
9:38.74,9:19.83
10:24.16,9:19.90
9:38.52,9:20.02
9:31.38,9:20.10
9:29.76,9:20.11
9:46.22,9:20.14
9:24.91,9:20.20
9:56.41,9:20.27
9:50.97,9:20.29
9:52.45,9:20.45
9:40.52,9:20.45
9:46.56,9:20.58
10:09.53,9:20.79
9:55.33,9:20.80
9:44.77,9:21.06
10:03.59,9:21.08
9:48.70,9:21.10
9:56.47,9:21.11
9:30.53,9:21.36
10:00.26,9:21.38
10:05.0,9:21.50
9:48.81,9:21.65
10:07.56,9:21.78
9:56.31,9:21.85
9:49.80,9:21.95
10:20.53,9:21.96
9:35.81,9:21.97
9:43.73,9:22.27
9:55.65,9:22.67
10:56.29,9:22.70
9:53.04,9:23.12
9:33.47,9:23.17
9:21.60,9:23.23
9:59.33,9:23.24
9:38.31,9:23.30
9:52.61,9:23.37
9:48.71,9:23.40
9:46.75,9:23.43
9:42.04,9:23.44
9:25.70,9:23.65
10:46.83,9:23.72
9:41.84,9:23.72
9:34.48,9:23.76
9:59.37,9:23.82
9:51.65,9:23.88
10:12.93,9:23.91
10:09.65,9:23.97
10:50.47,9:24.02
10:21.69,9:24.06
9:47.91,9:24.14
9:44.47,9:24.19
9:17.01,9:24.38
9:25.49,9:24.43
10:43.45,9:24.45
9:52.74,9:24.47
9:51.58,9:24.74
9:33.89,9:24.75
9:46.18,9:24.80
9:47.10,9:24.82
9:38.65,9:24.97
9:58.85,9:25.01
9:12.68,9:25.16
10:16.71,9:25.17
9:55.53,9:25.18
9:56.14,9:25.23
10:05.17,9:25.38
10:20.2,9:25.55
10:00.34,9:25.64
9:39.86,9:25.65
9:46.25,9:25.67
9:49.94,9:25.74
9:43.45,9:25.75
10:03.03,9:25.79
9:38.93,9:25.87
10:16.09,9:25.88
9:53.72,9:25.90
9:52.50,9:25.96
9:39.62,9:25.98
9:58.74,9:25.99
10:02.70,9:26.04
10:08.21,9:26.16
9:53.70,9:26.20
9:36.90,9:26.25
10:01.42,9:26.32
9:49.08,9:26.52
10:18.67,9:26.57
10:14.46,9:26.59
9:49.00,9:26.63
10:16.25,9:26.63
10:07.5,9:26.71
9:36.14,9:26.78
10:05.48,9:26.78
9:50.10,9:26.80
9:55.66,9:26.82
10:17.81,9:26.83
9:48.68,9:26.96
9:49.9,9:27.02
9:55.51,9:27.05
9:51.32,9:27.15
9:43.37,9:27.18
9:55.16,9:27.18
9:15.52,9:27.23
10:00.94,9:27.24
9:43.38,9:27.29
9:55.74,9:27.29
9:34.85,9:27.32
10:20.31,9:27.34
9:39.05,9:27.35
10:02.46,9:27.39
9:38.19,9:27.41
10:15.52,9:27.45
10:03.59,9:27.50
9:42.83,9:27.57
9:50.58,9:27.58
10:05.68,9:27.61
10:08.68,9:27.70
10:57.52,9:27.75
9:33.76,9:27.79
9:31.29,9:27.82
10:21.79,9:23.2
9:39.08,9:27.85
10:22.32,9:27.93
9:49.17,9:27.98
9:47.99,9:28.02
9:35.84,9:28.06
9:53.03,9:28.06
10:04.38,9:28.13
10:16.37,9:28.21
9:51.28,9:28.23
9:51.69,9:28.28
10:12.25,9:28.28
10:12.50,9:28.37
10:10.7,9:28.42
9:50.70,9:28.61
10:33.42,9:28.64
10:04.07,9:28.68
9:45.01,9:28.82
9:50.91,9:28.87
10:43.94,9:28.89
10:21.24,9:29.15
9:37.83,9:29.18
9:46.82,9:29.18
9:50.48,9:29.19
9:55.67,9:29.20
10:57.91,9:29.20
9:55.12,9:29.26
9:41.43,9:29.34
10:24.48,9:29.39
10:09.72,9:29.46
10:01.40,9:29.47
9:53.92,9:29.51
10:20.11,9:29.52
10:00.40,9:29.56
9:59.28,9:29.76
10:10.82,9:29.77
9:55.43,9:29.80
9:47.74,9:29.80
10:00.78,9:29.87
9:53.72,9:29.92
9:49.16,9:30.05
10:06.82,9:30.06
9:13.35,9:30.06
9:25.62,9:30.07
10:13.11,9:30.12
9:27.53,9:30.23
9:41.49,9:30.35
9:52.5,9:30.39
10:11.05,9:30.41
9:37.62,9:30.46
10:08.32,9:30.48
10:04.27,9:30.53
10:36.9,9:30.54
9:59.57,9:30.55
11:09.08,9:30.68
9:43.34,9:30.76
9:50.39,9:30.98
9:36.59,9:30.99
10:44.03,9:31.03
10:37.1,9:31.07
10:14.98,9:31.17
10:11.82,9:31.18
10:37.04,9:31.19
9:56.23,9:31.30
11:13.6,9:31.31
9:40.73,9:31.42
9:38.23,9:31.44
9:44.71,9:31.44
10:12.03,9:31.57
9:56.42,9:31.60
9:33.89,9:31.63
10:11.10,9:31.70
9:48.62,9:31.71
9:56.05,9:31.72
10:08.96,9:31.82
10:08.48,9:31.88
9:33.92,9:31.97
10:16.93,9:31.99
9:34.95,9:32.01
9:49.98,9:32.04
10:18.26,9:32.05
10:05.38,9:32.07
9:18.73,9:32.10
10:14.24,9:32.16
9:53.34,9:32.16
10:12.17,9:32.18
9:56.91,9:32.29
10:23.77,9:32.36
9:55.30,9:32.46
10:44.6,9:32.53
10:15.69,9:32.55
10:17.36,9:32.66
10:10.95,9:32.80
10:16.54,9:32.83
10:07.80,9:32.86
10:22.99,9:32.94
9:38.34,9:32.94
9:41.17,9:33.00
9:58.55,9:33.01
9:42.52,9:33.06
10:07.92,9:33.13
10:00.24,9:33.26
9:38.75,9:33.29
10:06.74,9:33.29
9:46.36,9:33.31
9:56.18,9:33.32
10:31.41,9:33.33
10:08.61,9:33.36
10:11.53,9:33.41
9:40.14,9:33.41
9:56.48,9:33.49
10:27.92,9:33.50
9:46.32,9:33.61
9:37.4,9:22.17
11:48.9,9:33.71
9:46.84,9:33.73
9:49.89,9:33.74
9:41.68,9:33.77
10:23.20,9:33.90
10:40.91,9:33.97
10:31.2,9:33.98
10:33.28,9:34.08
9:56.38,9:34.11
9:58.06,9:34.29
10:57.7,9:34.35
10:48.85,9:34.36
10:23.50,9:34.42
9:38.47,9:34.43
11:06.25,9:34.46
10:01.42,9:34.48
10:19.97,9:34.50
10:53.88,9:34.52
10:04.26,9:34.64
9:56.30,9:34.65
10:02.88,9:34.74
10:43.37,9:34.75
10:02.23,9:34.75
10:04.85,9:34.92
10:04.53,9:34.96
10:14.86,9:35.01
9:53.55,9:35.02
11:34.0,9:35.21
10:09.31,9:35.23
10:01.53,9:35.25
11:31.5,9:35.26
10:42.02,9:35.28
10:18.01,9:35.30
10:11.77,9:35.39
9:53.95,9:35.39
10:19.84,9:35.41
10:09.75,9:35.52
10:05.05,9:35.60
9:37.96,9:35.63
9:58.16,9:35.66
9:38.88,9:35.66
9:36.62,9:35.67
9:40.51,9:35.69
9:45.85,9:35.75
10:06.69,9:35.75
10:12.70,9:35.78
9:53.31,9:35.80
10:56.05,9:35.85
9:29.41,9:35.89
10:05.36,9:35.92
10:49.82,9:35.93
10:10.15,9:35.97
10:08.42,9:36.00
10:03.25,9:36.00
10:28.70,9:36.04
9:37.67,9:36.08
10:05.79,9:36.09
9:47.73,9:36.13
9:40.56,9:36.13
10:24.68,9:36.21
10:04.64,9:36.22
10:03.24,9:36.27
10:03.24,9:36.27
9:59.92,9:36.32
9:31.74,9:36.36
10:00.22,9:36.36
10:33.97,9:36.41
10:26.85,9:36.47
11:10.08,9:36.48
10:02.55,9:36.54
9:53.91,9:36.56
10:25.58,9:36.59
9:55.43,9:36.60
10:44.51,9:36.62
9:40.50,9:36.66
9:57.40,9:36.70
9:42.63,9:36.71
10:05.35,9:36.87
9:50.96,9:36.88
10:41.54,9:36.88
9:47.03,9:36.88
10:11.30,9:36.89
9:57.64,9:36.91
10:27.61,9:37.04
10:02.89,9:37.17
9:21.46,9:37.22
9:51.92,9:37.32
9:48.65,9:37.33
10:03.79,9:37.35
9:49.07,9:37.39
10:29.54,9:37.41
10:11.92,9:37.49
10:22.97,9:37.51
10:05.72,9:37.56
10:35.37,9:37.64
9:54.34,9:37.68
9:59.79,9:37.70
9:34.42,9:37.71
9:53.8,9:37.88
9:23.63,9:37.95
10:10.31,9:37.96
10:45.57,9:37.97
10:03.50,9:37.99
10:05.89,9:38.05
9:37.90,9:38.13
10:12.40,9:38.28
10:13.66,9:38.29
9:46.25,9:38.32
9:44.89,9:38.32
10:20.77,9:38.36
10:22.25,9:38.37
10:32.56,9:38.40
10:31.93,9:38.46
10:00.72,9:38.47
9:54.98,9:38.50
9:56.93,9:38.53
9:43.80,9:38.55
9:52.00,9:38.55
10:11.31,9:38.57
10:04.46,9:38.61
10:12.78,9:38.63
10:08.15,9:38.63
10:08.91,9:38.65
9:59.23,9:38.74
10:09.11,9:38.75
10:37.66,9:38.76
9:51.86,9:38.76
10:12.25,9:38.79
10:01.76,9:38.80
9:38.66,9:38.92
10:53.29,9:38.92
10:03.21,9:38.94
10:05.22,9:38.95
10:02.19,9:38.98
10:25.19,9:39.03
10:11.46,9:35.93
9:48.46,9:39.12
10:24.70,9:39.14
10:22.09,9:39.29
10:37.63,9:39.31
9:57.86,9:39.35
10:04.37,9:39.38
9:57.53,9:39.48
9:50.77,9:39.48
9:49.55,9:39.53
10:02.55,9:39.54
10:19.49,9:39.56
10:34.97,9:39.56
10:13.42,9:39.59
9:38.35,9:39.59
10:39.39,9:39.60
10:26.51,9:39.64
9:24.98,9:39.68
10:32.78,9:39.78
10:34.60,9:39.97
9:35.95,9:40.02
10:06.07,9:40.05
10:19.9,9:40.22
10:16.70,9:40.24
9:43.00,9:40.27
9:55.52,9:40.28
10:31.99,9:40.32
10:01.37,9:40.46
10:17.66,9:40.47
10:05.99,9:40.55
10:10.09,9:40.56
10:18.16,9:40.58
9:38.86,9:40.62
10:50.36,9:40.65
9:36.35,9:40.65
10:28.06,9:40.69
9:42.82,9:40.76
9:23.62,9:40.79
10:30.39,9:40.80
10:16.48,9:40.82
10:38.76,9:41.00
10:25.18,9:41.00
10:43.54,9:41.02
11:14.00,9:41.14
10:06.91,9:41.23
10:16.17,9:41.34
11:17.92,9:41.34
10:10.45,9:41.35
9:56.35,9:41.37
9:49.28,9:41.37
9:53.79,9:41.45
10:43.53,9:41.49
9:57.55,9:41.49
10:06.04,9:41.51
9:51.98,9:41.53
10:04.78,9:41.54
10:22.16,9:41.56
10:10.47,9:41.60
10:28.53,9:41.62
9:56.65,9:41.67
10:34.17,9:41.75
9:45.33,9:41.77
10:09.73,9:41.79
10:50.51,9:41.92
10:12.57,9:41.93
10:42.27,9:41.96
9:50.29,9:41.99
10:15.15,9:41.99
10:26.46,9:42.01
9:56.45,9:42.04
10:08.61,9:42.04
10:00.32,9:42.12
10:13.64,9:42.15
10:41.8,9:42.16
9:56.35,9:42.22
10:12.62,9:42.23
9:31.64,9:42.29
9:52.21,9:42.30
9:42.06,9:42.38
9:50.83,9:42.45
10:18.10,9:42.46
10:00.64,9:42.47
10:14.41,9:42.47
10:29.23,9:42.53
10:36.60,9:42.69
10:04.33,9:42.71
10:15.26,9:42.72
10:42.90,9:42.73
10:03.47,9:42.75
9:41.37,9:42.76
10:17.31,9:42.79
10:54.89,9:42.82
10:52.56,9:42.88
10:36.00,9:42.88
9:54.25,9:42.90
10:03.96,9:42.91
10:23.85,9:42.97
10:13.43,9:42.99
10:32.0,9:43.04
9:59.66,9:43.06
9:56.74,9:43.12
10:35.50,9:43.14
10:14.04,9:43.15
9:55.16,9:43.19
9:54.76,9:43.20
10:04.50,9:43.21
10:12.68,9:35.7
10:30.43,9:43.23
10:30.10,9:43.27
10:47.88,9:43.29
10:39.57,9:43.31
10:18.98,9:43.32
9:46.00,9:43.33
10:04.60,9:43.34
10:25.32,9:43.36
10:15.24,9:43.40
10:30.12,9:43.42
9:58.50,9:43.47
11:34.34,9:43.48
9:56.26,9:43.48
10:22.94,9:43.54
9:56.14,9:43.54
12:04.39,9:43.63
10:14.75,9:43.70
10:15.16,9:43.71
10:55.65,9:43.73
10:39.00,9:43.77
11:01.72,9:43.78
10:04.48,9:43.81
10:47.51,9:43.89
11:14.13,9:43.90
10:30.49,9:43.93
10:52.98,9:43.98
10:17.77,9:43.98
10:09.79,9:44.00
9:57.53,9:44.06
10:01.98,9:44.07
9:50.62,9:44.08
9:47.57,9:44.10
9:43.08,9:44.14
9:47.28,9:44.15
10:00.88,9:44.17
10:04.84,9:44.18
10:13.83,9:44.24
9:58.99,9:44.27
10:26.5,9:44.30
9:45.90,9:44.30
10:40.78,9:35.1
10:28.64,9:44.39
10:08.76,9:44.43
10:29.82,9:44.46
10:19.97,9:44.47
10:18.92,9:44.49
9:56.18,9:44.51
10:30.07,9:44.52
10:10.17,9:44.57
10:41.31,9:44.58
9:56.90,9:44.59
10:29.94,9:44.68
10:10.61,9:44.68
10:31.89,9:44.89
9:40.49,9:44.89
10:07.83,9:44.90
9:53.54,9:44.90
10:08.42,9:44.91
9:53.95,9:45.03
10:48.90,9:45.05
10:21.34,9:45.08
10:27.61,9:45.08
9:59.03,9:45.09
10:48.34,9:45.11
9:48.81,9:45.13
10:08.08,9:45.16
10:42.71,9:45.16
11:50.0,9:45.18
10:34.63,9:45.22
10:13.12,9:45.23
10:12.82,9:45.24
10:40.84,9:45.29
10:39.41,9:45.32
10:24.01,9:45.32
9:42.23,9:45.33
10:20.91,9:45.33
10:42.47,9:45.34
10:44.99,9:45.39
10:08.92,9:45.41
10:28.38,9:45.43
9:50.80,9:45.44
10:18.10,9:45.45
10:35.33,9:45.46
10:02.87,9:45.50
9:53.04,9:45.52
10:04.26,9:45.57
10:46.15,9:45.62
10:04.05,9:45.65
10:21.90,9:45.67
9:45.08,9:45.72
9:57.30,9:45.76
9:58.41,9:45.79
10:11.89,9:45.80
9:52.30,9:45.83
10:20.69,9:45.86
10:33.85,9:45.91
10:17.15,9:45.93
9:52.39,9:45.94
10:42.62,9:46.04
9:47.02,9:46.13
10:04.51,9:46.15
10:13.88,9:46.15
10:35.20,9:46.21
10:04.49,9:46.28
10:57.01,9:46.31
10:18.21,9:46.33
10:57.97,9:46.44
10:06.14,9:46.48
10:51.46,9:46.55
9:59.13,9:46.59
9:55.62,9:46.63
9:30.11,9:46.63
10:31.67,9:46.63
11:20.6,9:46.66
10:15.65,9:46.69
10:30.66,9:46.71
10:02.74,9:46.71
11:04.85,9:46.72
9:44.67,9:46.74
9:55.45,9:46.77
10:10.32,9:46.80
10:11.90,9:46.87
10:18.05,9:46.93
9:57.11,9:47.04
9:55.93,9:47.13
10:35.51,9:47.19
10:42.24,9:47.27
9:39.65,9:47.28
10:27.1,9:47.30
10:29.80,9:47.34
10:00.72,9:47.35
9:46.55,9:47.37
10:24.95,9:47.39
10:08.32,9:47.42
10:58.97,9:47.46
10:31.53,9:47.48
10:03.19,9:47.52
9:50.58,9:47.57
10:32.39,9:47.60
10:12.47,9:47.62
10:02.36,9:47.65
10:06.48,9:47.65
10:27.43,9:47.69
9:46.96,9:47.73
10:16.20,9:47.74
9:49.34,9:47.78
10:23.25,9:47.82
10:07.76,9:47.83
10:27.82,9:47.83
10:06.83,9:47.84
10:40.12,9:47.92
10:29.38,9:47.98
10:08.24,9:47.99
11:09.70,9:48.03
10:05.24,9:48.07
11:10.02,9:48.18
10:10.03,9:48.19
10:26.76,9:48.28
10:11.25,9:48.28
9:43.63,9:48.28
9:37.06,9:48.29
10:15.23,9:48.35
9:36.99,9:48.36
9:47.46,9:48.39
10:12.60,9:48.40
10:32.51,9:48.43
10:08.17,9:48.45
10:24.57,9:48.49
10:56.21,9:48.52
10:56.16,9:48.55
10:27.51,9:48.56
10:20.09,9:48.60
10:28.90,9:48.61
10:08.19,9:48.75
11:01.69,9:51.03
10:27.11,9:51.04
10:22.30,9:51.08
10:20.11,9:51.13
11:19.16,9:51.16
10:27.44,9:51.18
10:27.66,9:51.27
9:54.52,9:51.30
10:27.06,9:51.31
10:02.52,9:51.31
11:22.36,9:51.32
10:25.58,9:51.36
10:48.32,9:51.41
10:35.43,9:51.44
10:55.40,9:51.45
11:47.30,9:51.46
10:25.78,9:51.48
11:02.28,9:51.52
10:32.11,9:51.62
9:44.22,9:51.71
10:15.20,9:51.74
9:56.36,9:51.78
9:35.06,9:51.80
10:11.38,9:51.83
11:21.84,9:51.1
9:55.5,9:51.86
10:26.5,9:51.89
10:11.83,9:51.91
10:52.23,9:51.94
10:11.90,9:51.94
10:14.83,9:51.94
10:02.11,9:51.96
9:41.45,9:51.96
10:43.71,9:52.02
10:38.68,9:52.04
10:16.48,9:52.05
10:31.91,9:52.08
10:41.83,9:52.10
9:58.33,9:52.10
10:18.23,9:52.11
10:22.91,9:52.12
9:52.57,9:52.13
10:44.40,9:52.13
10:58.81,9:52.14
10:43.44,9:52.19
10:31.33,9:52.20
9:48.75,9:52.21
10:32.22,9:52.22
10:54.6,9:52.25
10:11.39,9:52.27
10:29.96,9:52.28
9:52.35,9:52.32
10:37.07,9:52.36
10:03.01,9:52.40
10:29.70,9:52.48
10:53.94,9:52.54
9:55.29,9:52.56
9:56.73,9:52.64
10:28.36,9:52.64
10:15.99,9:52.66
10:54.49,9:52.69
10:10.56,9:52.70
10:52.94,9:52.72
10:48.40,9:46.9
11:13.85,9:52.74
10:46.91,9:52.77
9:54.23,9:52.79
10:49.73,9:52.81
10:20.50,9:52.82
9:58.18,9:52.82
10:25.29,9:52.82
10:16.25,9:52.84
10:36.05,9:52.85
9:57.35,9:52.85
10:23.84,9:52.85
10:10.67,9:52.87
10:20.98,9:52.90
10:21.05,9:52.92
10:21.57,9:52.94
10:31.57,9:52.96
10:07.37,9:52.99
10:39.50,9:53.03
11:07.68,9:53.03
10:27.30,9:53.03
10:46.10,9:53.05
10:48.44,9:53.09
9:57.64,9:53.13
9:55.83,9:53.14
10:02.06,9:53.23
10:58.98,9:53.30
9:54.05,9:45.84
10:21.62,9:53.33
10:25.91,9:53.36
9:53.97,9:53.36
10:38.15,9:53.37
11:04.87,9:53.41
10:18.06,9:53.43
10:25.11,9:53.43
10:45.82,9:53.44
10:03.39,9:53.44
11:07.81,9:53.48
10:24.48,9:53.48
10:36.36,9:53.50
9:59.69,9:52.1
10:15.34,9:53.50
10:12.10,9:53.55
10:06.40,9:53.59
10:12.7,9:53.67
10:53.67,9:53.70
10:42.84,9:53.76
11:26.77,9:53.77
9:54.09,9:53.80
11:31.9,9:53.83
10:08.56,9:53.83
11:09.05,9:51.2
10:42.93,9:53.89
11:05.67,9:53.90
10:36.86,9:53.98
11:21.23,9:53.98
10:05.35,9:53.99
9:50.58,9:54.01
10:23.89,9:54.05
9:30.52,9:54.08
10:33.34,9:54.10
9:59.0,9:54.25
10:18.68,9:54.26
9:59.77,9:54.27
9:50.27,9:54.28
10:09.39,9:54.33
10:41.46,9:54.44
10:53.29,9:54.45
10:19.50,9:54.51
10:09.08,9:54.52
9:48.49,9:54.60
11:44.91,9:54.60
10:25.20,9:54.65
10:36.06,9:54.65
10:45.37,9:54.66
10:11.36,9:54.68
10:09.29,9:54.69
10:09.00,9:54.76
10:15.27,9:54.80
10:47.56,9:54.82
10:04.46,9:54.82
10:23.89,9:54.86
10:02.45,9:54.88
10:02.90,9:54.91
9:53.15,9:54.91
10:27.44,9:54.93
10:06.39,9:54.94
10:22.28,9:54.95
11:10.15,9:54.97
10:10.74,9:54.98
11:19.46,9:54.99
11:49.34,9:55.01
10:19.65,9:55.01
10:57.73,9:55.02
9:55.62,9:55.02
10:08.79,9:55.07
10:31.51,9:55.08
10:29.95,9:55.12
10:06.68,9:55.12
10:38.82,9:55.12
9:53.43,9:55.13
10:34.17,9:55.15
10:03.90,9:55.19
10:31.72,9:55.22
10:11.29,9:55.22
10:02.25,9:55.22
10:47.39,9:55.24
10:37.27,9:55.25
10:07.0,9:55.27
10:34.09,9:55.28
9:58.17,9:55.30
10:05.14,9:55.36
10:20.10,9:55.38
10:36.64,9:55.38
10:45.47,9:55.39
10:35.68,9:55.41
10:42.3,9:55.41
10:27.63,9:55.50
10:27.19,9:55.51
10:33.60,9:55.52
10:08.48,9:55.55
10:02.59,9:55.59
10:28.53,9:55.60
10:36.05,9:55.62
10:11.80,9:55.65
10:33.78,9:55.66
10:17.11,9:55.71
10:56.59,9:55.75
10:14.01,9:55.81
11:08.08,9:55.81
10:30.04,9:55.86
10:44.88,9:55.87
11:12.50,9:55.91
10:39.02,9:55.92
9:51.17,9:55.98
9:59.42,9:56.01
10:25.14,9:56.05
11:28.24,9:56.06
10:13.04,9:56.07
9:58.78,9:56.14
10:53.94,9:56.15
10:25.9,9:56.16
10:54.07,9:56.17
10:59.81,9:56.20
10:47.04,9:56.20
11:01.97,9:56.21
9:40.26,9:56.23
10:14.17,9:56.23
10:40.0,9:56.28
11:00.09,9:56.30
10:12.10,9:56.32
11:19.2,9:56.33
10:22.23,9:56.37
9:54.80,9:56.40
11:13.72,9:56.40
10:57.91,9:56.43
10:49.26,9:56.46
10:22.4,9:56.46
10:53.70,9:56.47
10:54.96,9:56.49
10:23.83,9:56.50
10:34.51,9:56.53
10:39.98,9:56.53
10:21.79,9:56.53
10:30.00,9:56.61
10:18.84,9:56.64
11:25.82,9:56.65
10:15.65,9:56.65
10:47.1,9:56.71
10:00.28,9:56.73
9:51.54,9:56.73
10:18.97,9:56.75
10:50.14,9:56.76
10:29.15,9:56.77
10:43.84,9:56.78
9:58.20,9:56.80
10:08.53,9:56.81
10:31.68,9:56.82
10:08.00,9:56.82
10:40.71,9:56.84
10:49.75,9:56.85
10:26.02,9:56.86
10:34.35,9:56.87
11:13.21,9:56.92
10:21.07,9:56.92
10:49.03,9:57.01
9:59.54,9:57.02
9:46.25,9:57.08
11:05.67,9:57.09
9:55.00,9:57.10
9:56.15,9:57.12
10:01.90,9:57.14
9:48.78,9:57.14
9:39.88,9:57.15
10:09.62,9:57.17
10:02.05,9:57.24
9:58.71,9:57.25
10:17.42,9:57.31
10:15.46,9:57.35
11:13.19,9:57.37
9:58.70,9:57.40
10:33.97,9:57.40
11:04.55,9:57.48
10:03.49,9:57.51
10:43.80,9:57.53
11:01.62,9:57.53
10:12.09,9:57.54
10:15.53,9:57.54
10:07.10,9:57.56
11:22.6,9:57.59
11:07.47,9:57.60
10:37.09,9:57.62
10:07.14,9:57.63
10:39.18,9:54.3
10:08.23,9:57.67
10:03.06,9:57.68
10:02.7,9:57.71
10:54.32,9:57.71
9:57.31,9:57.72
10:58.76,9:57.74
10:08.99,9:57.75
10:07.35,9:57.77
10:26.99,9:57.82
10:03.71,9:57.83
10:34.70,9:39.98
10:39.15,9:57.84
10:54.85,9:57.87
9:51.19,9:57.90
9:56.14,9:57.91
10:16.80,9:57.95
10:39.54,9:58.04
10:19.28,9:58.05
9:53.80,9:58.07
10:58.27,9:58.07
9:52.08,9:58.08
12:04.0,9:58.09
10:26.79,9:58.11
10:41.17,9:58.18
10:08.50,9:58.18
11:02.94,9:58.31
10:20.83,9:58.32
10:37.58,9:58.34
10:35.74,9:58.34
10:21.36,9:58.34
11:28.10,9:58.36
10:16.40,9:58.36
10:42.65,9:58.43
10:30.85,9:58.45
10:13.26,9:58.47
10:30.47,9:58.48
10:20.75,9:58.48
10:38.59,9:58.51
9:55.03,9:58.53
11:27.56,9:58.54
10:14.59,9:58.57
10:57.42,9:58.63
10:23.45,9:58.64
11:08.65,9:58.64
10:24.60,9:58.69
10:29.38,9:58.73
10:45.56,9:58.74
10:42.65,9:55.10
10:17.81,9:58.81
10:48.59,9:58.81
10:26.27,9:58.82
9:47.29,9:58.83
10:35.13,9:58.86
11:00.53,9:58.87
10:42.11,9:58.88
10:24.76,9:58.88
10:31.34,9:58.89
10:19.11,9:58.91
11:05.95,9:58.91
11:03.49,9:58.91
10:37.13,9:59.00
10:00.04,9:59.01
10:14.78,9:59.03
11:00.87,9:59.04
10:35.62,9:59.05
10:39.59,9:59.05
11:19.64,9:59.06
10:34.49,9:59.07
11:11.71,9:59.15
10:03.13,9:59.16
10:45.20,9:59.21
9:54.39,9:59.21
10:27.50,9:59.22
10:44.08,9:59.23
10:05.94,9:59.29
11:34.24,9:59.31
10:56.53,9:59.32
10:29.41,9:59.33
10:21.77,9:59.33
10:17.97,9:59.34
10:10.30,9:59.36
9:55.49,9:59.38
10:36.49,9:59.41
11:02.28,9:59.46
10:37.05,9:59.47
10:15.15,9:59.50
10:24.71,9:59.51
11:07.79,9:59.51
9:56.16,9:59.52
10:28.31,9:59.53
10:12.59,9:59.56
10:24.12,9:59.56
10:57.9,9:59.57
10:48.12,9:59.60
10:12.85,9:59.61
10:18.80,9:59.63
10:10.12,9:59.64
10:18.55,9:59.64
9:59.01,9:59.65
10:32.12,9:59.66
10:01.04,9:59.72
10:59.90,9:59.72
10:37.31,9:59.75
10:33.23,9:59.76
10:35.23,9:59.78
9:57.74,9:59.78
10:46.09,9:59.79
12:16.48,9:59.87
10:18.89,9:59.96
10:59.75,9:59.99
10:36.94,10:00.01
10:53.79,10:00.03
10:03.86,10:00.06
10:23.81,10:00.07
10:04.02,10:00.07
11:19.9,10:00.08
10:59.99,10:00.10
10:24.61,10:00.11
10:37.85,10:00.18
9:48.12,10:00.21
10:41.46,10:00.21
10:09.37,10:00.21
10:40.33,10:00.28
10:17.53,10:00.32
10:28.69,10:00.34
10:23.38,10:00.37
10:04.19,10:00.44
10:52.11,10:00.49
10:07.74,10:00.53
10:12.16,10:00.54
10:40.82,10:00.62
10:53.70,10:00.64
10:04.55,10:00.65
10:26.55,10:00.66
10:30.76,9:51.13
10:55.90,10:00.67
10:58.0,10:00.68
10:27.44,10:00.73
11:54.23,10:00.76
10:41.06,10:00.78
11:12.31,10:00.92
11:09.55,10:00.94
12:11.73,10:00.95
10:17.96,10:01.03
10:17.30,10:01.03
10:32.0,10:01.11
10:37.51,10:01.12
11:26.86,10:01.17
10:56.47,10:01.17
10:29.01,10:01.19
10:58.08,10:01.19
10:21.19,10:01.37
10:00.99,10:01.39
10:50.47,10:01.42
10:41.08,9:55.5
10:34.04,10:01.48
9:46.87,10:01.48
10:32.05,10:01.48
10:10.92,10:01.51
10:29.0,10:01.57
10:30.00,10:01.59
10:31.75,10:01.62
11:30.47,10:01.65
10:32.54,10:01.66
10:00.26,10:01.66
10:28.41,10:01.69
11:16.02,10:01.76
10:28.22,10:01.77
10:33.35,10:01.80
10:09.10,10:01.81
10:21.80,10:01.86
10:36.35,10:01.88
10:27.77,10:01.94
10:27.64,10:01.96
11:12.94,10:02.01
11:37.75,10:02.08
10:30.69,10:02.08
10:45.38,10:02.12
10:26.66,10:02.13
10:37.38,10:02.13
9:58.7,10:02.15
10:37.11,10:02.15
11:02.73,10:02.17
10:25.87,10:02.20
10:30.67,10:02.20
9:56.31,10:02.24
10:59.52,10:02.24
10:30.87,10:02.31
10:59.62,10:02.31
10:35.50,10:02.38
10:26.19,10:02.39
10:17.68,10:02.43
10:17.92,10:02.44
10:35.80,10:02.45
10:34.75,10:02.45
12:02.74,10:02.53
10:41.76,10:02.59
10:38.47,10:02.61
9:51.30,10:02.61
10:39.5,10:02.63
10:49.54,10:02.70
10:10.97,10:02.72
10:15.88,10:02.72
9:53.72,10:02.82
10:38.19,10:02.85
10:52.72,10:02.94
10:17.65,10:02.95
10:28.93,10:02.96
10:36.53,10:02.98
10:52.58,10:03.07
10:33.33,10:03.12
10:14.99,10:03.14
10:39.41,10:03.15
10:41.34,10:03.16
10:30.98,10:03.17
10:46.05,10:03.31
10:42.17,10:03.35
10:09.71,10:03.36
10:51.26,10:03.37
10:48.10,10:03.38
10:22.37,10:03.39
9:52.14,10:03.40
10:54.27,10:03.42
10:34.18,10:03.45
10:58.17,10:03.46
10:22.34,10:03.47
9:49.81,10:03.55
10:55.78,10:03.57
11:08.08,10:03.62
10:27.25,10:03.62
10:23.73,10:03.63
10:33.0,10:03.64
10:16.25,10:03.66
10:15.55,10:03.67
10:12.57,10:03.67
9:45.83,10:03.69
10:01.26,10:03.70
11:10.86,10:03.70
10:35.97,10:03.73
10:47.85,10:03.74
10:16.50,10:03.74
10:23.57,10:03.80
10:28.2,10:03.82
10:08.09,10:03.90
10:27.92,10:03.92
10:25.11,10:03.98
10:56.51,10:04.01
10:08.28,10:04.02
9:56.65,10:04.04
10:49.21,10:04.06
10:43.67,10:04.16
10:38.79,10:04.16
10:25.47,10:04.25
10:18.34,10:04.27
11:33.50,10:04.31
10:40.57,10:04.31
10:37.96,10:04.32
10:24.06,10:04.35
10:42.98,10:04.36
11:13.0,10:04.38
10:49.44,10:04.41
11:04.39,10:04.44
10:39.32,10:04.45
10:25.36,10:04.46
10:28.48,10:04.46
10:29.52,10:04.51
10:16.14,10:04.53
11:05.25,10:04.53
10:17.31,10:04.53
10:31.18,10:04.57
9:59.83,10:04.60
10:45.39,10:04.61
10:17.00,10:04.62
10:47.87,10:04.67
11:08.93,10:04.70
12:19.06,10:04.74
10:18.77,10:04.77
9:58.45,10:04.90
11:02.61,10:04.92
11:57.08,10:04.93
10:19.85,10:04.95
9:57.16,10:04.95
9:55.63,10:04.96
10:28.12,10:05.03
10:43.09,10:05.04
10:19.60,10:05.06
10:22.44,10:05.06
11:06.27,10:05.10
11:18.26,10:05.12
10:45.80,10:05.12
10:20.75,10:05.13
10:46.4,10:05.17
10:19.04,10:05.22
10:42.25,10:05.24
9:35.26,10:05.24
10:16.95,10:05.24
11:07.41,10:05.25
10:11.48,10:05.33
10:59.71,10:05.33
10:54.97,9:55.8
11:05.00,10:05.36
10:23.02,10:05.36
9:55.7,10:05.42
11:07.00,10:05.47
10:44.18,10:05.48
10:20.25,10:05.60
10:24.24,10:05.66
10:01.36,10:05.69
10:39.55,10:05.69
11:27.47,10:05.71
10:45.11,10:05.72
10:52.63,10:05.74
10:41.49,10:05.77
10:26.50,10:05.81
11:30.43,10:05.81
10:33.14,10:05.84
10:58.38,10:05.85
10:16.35,10:05.86
10:04.30,10:05.89
10:16.33,10:05.89
10:44.98,10:05.89
10:43.48,10:05.96
10:12.14,10:05.97
10:54.40,10:05.98
10:28.48,10:06.04
9:35.17,10:06.05
10:33.31,10:06.07
10:43.2,10:06.07
9:56.50,10:06.12
10:04.38,10:06.14
10:45.70,10:06.15
11:25.76,10:06.16
11:00.94,10:06.23
11:04.9,10:06.24
11:05.63,10:06.26
10:12.87,10:06.27
10:48.74,10:06.29
10:29.05,10:06.33
9:37.28,10:06.38
11:10.67,10:06.39
10:09.94,10:06.39
11:43.21,10:06.40
10:39.24,10:06.43
10:35.78,10:06.48
10:11.0,10:06.50
11:20.18,10:06.52
10:35.76,10:06.53
10:20.08,10:06.55
10:43.18,10:06.56
10:46.00,10:06.58
10:18.06,10:06.59
10:43.31,10:06.60
10:08.20,10:06.63
10:26.45,10:06.74
11:01.42,10:06.75
10:42.16,10:06.77
11:07.21,10:06.77
10:36.47,10:06.79
10:28.09,10:06.79
10:40.54,10:06.80
11:15.2,10:06.84
10:52.92,10:06.84
10:13.09,10:06.87
10:14.43,10:06.87
10:47.17,10:06.88
10:42.44,10:06.90
10:20.12,10:06.90
11:04.89,10:06.90
10:28.90,10:07.00
10:52.49,10:07.01
11:07.33,10:07.05
10:07.42,10:07.09
10:17.92,10:07.11
10:21.36,10:07.16
10:04.13,10:07.16
10:37.97,10:07.17
10:08.88,10:07.18
10:27.48,10:07.23
10:46.10,10:07.23
11:55.6,10:07.30
10:06.36,10:07.32
10:45.86,10:07.33
11:01.74,10:07.37
10:26.93,10:07.39
10:34.43,10:07.40
10:00.89,10:07.41
10:40.48,10:07.55
10:50.54,10:07.56
10:15.88,10:07.59
10:19.85,10:07.60
10:17.56,10:07.61
10:57.0,10:07.62
10:59.39,10:07.62
10:31.43,10:07.63
11:06.12,10:07.67
10:53.91,10:07.68
9:49.82,10:07.70
10:26.11,10:07.70
10:10.06,10:07.75
10:31.97,10:07.79
10:39.9,10:07.80
10:18.99,10:07.80
10:03.97,10:07.81
10:01.45,10:07.95
10:48.0,10:07.97
11:30.93,10:08.01
10:01.68,10:08.02
10:09.98,10:08.16
10:19.53,10:08.17
10:31.74,10:08.19
10:42.78,10:08.20
9:55.46,10:08.21
10:21.18,10:08.22
10:42.22,10:08.25
9:56.14,10:08.26
9:50.18,10:08.31
10:07.35,10:08.31
10:36.53,10:08.33
10:58.99,10:08.36
10:02.47,10:08.37
10:39.77,10:08.37
10:14.17,10:08.40
10:24.87,10:08.41
10:56.79,10:08.42
11:34.5,10:08.43
10:33.91,10:08.43
11:08.50,10:08.46
10:48.63,10:08.50
10:33.01,10:08.57
9:40.46,9:42.0
10:32.92,10:08.58
10:16.33,10:08.59
10:25.6,10:08.60
10:22.23,10:08.62
10:49.68,10:08.62
10:21.07,10:08.63
10:17.19,10:08.75
10:18.45,10:08.75
10:59.41,10:08.75
11:11.7,10:03.96
10:54.59,10:08.77
10:29.65,10:08.80
10:28.16,10:08.80
10:20.62,10:08.84
10:31.47,10:08.98
10:10.27,10:09.10
10:51.0,10:09.12
9:56.44,10:09.13
11:20.50,10:09.16
11:59.60,10:09.16
10:38.63,10:09.18
10:12.42,10:09.19
9:54.17,10:09.19
12:29.43,10:09.20
10:55.93,10:09.21
9:53.08,10:09.31
11:00.69,10:09.33
10:51.59,10:09.35
10:50.00,10:09.36
10:34.40,10:09.37
11:12.53,10:09.40
10:31.0,10:09.40
10:44.74,10:09.42
10:12.93,10:09.42
10:58.29,10:09.46
10:33.9,10:09.50
10:51.78,10:09.50
10:01.88,10:09.54
10:19.2,10:09.55
10:16.62,10:09.67
10:18.07,10:09.71
11:03.06,10:09.75
10:22.02,10:09.81
10:39.42,10:09.81
9:54.86,10:09.87
10:57.0,10:09.96
10:30.70,10:09.98
11:11.77,10:10.03
10:16.33,10:10.05
10:11.97,10:06.0
10:45.13,10:10.19
10:51.13,10:10.21
10:25.37,10:10.26
10:22.84,10:10.29
10:30.16,10:10.29
10:28.86,10:10.31
10:11.6,10:10.31
10:19.08,10:10.32
10:35.10,10:10.34
10:54.01,10:10.46
10:00.80,10:10.46
10:33.08,10:10.52
10:42.65,10:10.54
10:31.52,10:10.58
10:16.04,10:06.5
9:41.23,10:10.65
11:03.52,10:10.74
10:24.91,10:10.79
10:45.22,10:10.81
10:55.54,10:10.89
10:32.36,10:10.89
10:26.77,10:10.90
10:38.55,10:10.99
10:24.60,10:11.00
10:38.36,10:11.04
11:06.48,9:59.9
10:45.35,10:11.06
10:36.88,10:11.10
11:05.5,10:11.16
10:25.82,10:11.19
10:04.71,10:11.21
10:37.09,10:11.28
10:48.0,10:11.30
10:49.60,10:11.32
10:30.05,10:11.34
10:18.53,10:11.34
10:42.26,10:11.37
10:22.10,10:11.47
9:56.52,10:11.50
10:28.92,10:11.51
10:11.54,10:11.51
10:55.24,10:11.51
9:39.09,10:11.59
10:09.49,10:11.59
12:06.45,10:11.61
10:30.89,10:11.61
11:05.47,10:11.63
10:03.42,10:11.65
10:25.27,10:11.65
11:21.64,10:11.68
10:03.90,10:11.70
10:41.11,10:11.72
11:11.68,10:11.72
10:49.49,10:11.74
10:58.11,10:11.77
9:37.90,10:11.78
11:00.20,10:11.79
11:02.76,10:11.82
10:47.36,10:11.86
10:00.33,10:11.91
10:44.60,10:11.99
10:21.58,10:12.00
10:27.58,10:12.05
10:12.61,10:12.05
11:22.19,10:12.08
10:17.81,10:12.09
10:19.81,10:12.12
10:20.13,10:12.16
10:17.79,10:12.17
9:49.83,10:12.21
10:48.90,10:12.23
10:53.41,10:12.23
10:32.70,10:12.31
10:44.54,10:12.35
10:43.29,10:12.36
10:22.36,10:12.38
9:58.27,10:12.40
11:00.32,10:12.42
10:19.88,10:12.48
10:30.49,10:12.50
10:26.65,10:12.50
11:20.45,10:12.56
10:08.86,10:12.56
9:59.87,10:12.57
11:51.48,10:12.59
10:43.04,10:12.62
10:15.06,10:12.67
11:14.29,10:12.69
10:10.83,10:12.71
10:13.78,10:12.72
11:18.78,10:12.78
11:03.25,10:12.78
11:02.79,10:12.65
10:24.52,10:12.80
11:18.51,10:12.80
10:38.40,10:12.81
10:19.89,10:12.81
10:48.20,10:10.2
11:54.80,10:12.85
10:32.02,10:12.90
10:32.91,10:12.91
10:14.55,10:12.95
10:21.10,10:12.95
10:43.28,10:13.01
10:23.00,10:13.04
10:42.82,10:13.09
10:08.49,10:13.10
10:47.40,10:13.15
10:03.54,10:13.15
10:39.59,10:13.20
10:24.81,10:13.23
10:33.0,10:13.23
10:42.60,10:13.24
11:16.25,10:13.31
10:56.54,10:13.34
10:50.00,10:07.3
10:57.43,10:13.45
10:17.68,10:13.46
11:04.68,10:13.48
12:08.54,10:13.50
10:49.59,10:13.53
11:01.9,10:13.54
11:05.23,10:13.60
10:19.48,10:13.61
10:35.24,10:13.64
11:28.86,10:13.66
10:00.40,10:13.69
10:16.16,10:13.69
10:51.51,10:13.69
10:39.41,10:13.77
10:35.15,10:13.77
10:26.99,10:13.78
10:18.29,10:13.79
9:47.30,10:13.81
10:13.2,10:13.82
10:09.60,10:13.91
10:20.11,10:13.91
10:22.43,10:13.93
10:55.0,10:13.94
10:47.37,10:13.95
10:49.34,10:14.01
11:11.15,10:14.02
10:49.47,10:14.05
9:46.81,10:14.09
11:27.65,10:14.11
11:43.67,10:14.16
10:56.94,10:14.20
10:41.49,10:14.25
11:11.34,10:14.27
11:48.2,10:14.29
10:33.52,10:14.31
10:00.37,10:14.32
11:03.45,10:14.33
9:15.36,10:14.37
10:03.67,10:14.38
10:37.25,10:14.39
10:22.29,10:14.39
10:57.35,10:14.45
12:33.58,10:14.47
10:22.26,10:14.47
10:38.73,10:14.49
10:28.91,10:14.50
11:15.76,10:14.52
9:57.57,10:14.54
11:46.72,10:14.60
10:44.99,10:14.61
10:58.94,10:14.63
10:33.28,10:14.67
11:02.25,10:14.67
10:18.28,10:14.69
9:37.06,10:14.70
10:22.83,10:14.70
10:17.40,10:14.71
11:56.68,10:14.72
10:04.18,10:14.75
10:41.13,10:14.76
11:04.54,10:14.83
10:55.59,10:14.85
10:05.68,10:14.85
10:30.95,10:14.91
10:54.60,10:14.96
10:53.94,10:14.98
10:30.73,10:14.98
10:51.53,10:15.00
10:25.32,10:15.02
10:20.39,10:16.82
11:27.57,10:16.82
10:27.87,10:16.86
9:51.96,10:16.88
11:28.52,10:16.90
10:13.44,10:16.92
11:50.64,10:16.93
10:37.13,10:16.93
10:49.61,10:16.97
10:16.74,10:16.99
11:35.93,10:17.03
10:35.33,10:17.08
10:16.0,10:17.10
10:14.73,10:17.10
9:51.11,10:17.18
11:02.33,10:17.19
11:26.07,10:17.20
11:26.87,10:17.21
10:38.39,10:17.21
10:22.69,10:17.22
10:15.78,10:17.25
10:24.35,10:17.26
10:52.40,10:17.28
10:27.99,10:17.29
10:42.35,10:17.30
11:01.64,10:17.31
10:38.59,10:17.31
10:43.1,10:17.31
9:43.42,10:17.36
11:03.33,10:17.38
10:03.88,10:17.40
10:39.97,10:17.45
10:46.64,10:17.53
10:40.46,10:17.54
10:56.82,10:17.57
10:17.71,10:17.57
10:35.60,10:17.62
10:34.76,10:17.63
10:49.10,10:12.73
10:23.54,10:17.67
10:17.82,10:17.72
10:26.61,10:17.72
10:15.58,10:17.73
10:50.43,10:17.77
10:40.20,10:17.78
11:03.99,10:17.78
10:28.29,10:17.83
11:20.40,10:17.84
10:12.63,10:17.91
11:20.14,10:17.96
10:51.26,10:17.98
11:19.01,10:18.00
10:41.87,10:18.00
10:21.18,10:18.01
10:23.29,10:18.01
11:44.42,10:18.08
10:40.20,10:18.10
12:22.72,10:18.12
10:11.32,10:18.13
10:57.48,10:18.14
10:42.94,10:18.18
10:47.24,10:18.18
13:07.80,10:18.20
10:59.06,10:18.26
10:56.70,9:59.0
11:17.20,10:18.30
10:31.39,10:18.30
10:51.23,10:18.40
10:36.02,10:18.42
10:46.84,10:18.43
9:59.94,10:18.47
12:01.20,10:18.50
10:27.65,10:18.51
10:58.54,10:18.54
10:10.24,10:18.54
11:18.35,10:18.57
11:41.21,10:10.0
10:14.49,10:18.60
10:41.98,10:18.65
10:46.36,10:18.66
10:15.54,10:18.72
11:16.15,10:18.77
10:38.86,10:18.82
11:08.56,10:18.82
10:30.25,10:18.83
10:13.25,10:18.88
10:37.66,10:18.89
10:42.6,10:18.91
11:01.41,10:18.96
10:10.83,10:19.00
10:09.99,10:19.01
10:44.99,10:19.03
10:41.51,10:19.04
11:04.85,10:19.05
11:14.52,10:19.06
10:52.87,10:19.13
12:11.23,10:19.18
10:35.15,10:19.22
10:31.90,10:19.23
10:11.64,10:19.25
10:35.75,10:19.32
10:56.24,10:19.33
10:59.51,10:19.33
11:13.22,10:19.34
11:09.44,10:19.35
10:11.91,10:19.37
10:28.23,10:19.42
10:34.44,10:19.42
10:16.61,10:19.42
10:38.86,10:19.44
11:10.25,10:19.45
10:41.43,10:19.46
10:24.67,10:19.52
10:59.1,10:19.54
10:51.75,10:19.54
10:44.38,10:19.54
10:30.10,10:19.55
10:01.00,10:19.55
10:49.73,10:19.57
10:33.40,10:19.57
12:10.6,10:19.58
10:25.49,10:19.60
10:52.67,10:19.66
11:44.4,10:19.69
11:24.16,10:19.70
10:25.10,10:19.73
11:00.59,10:19.80
11:30.74,10:19.88
11:01.04,10:19.89
11:04.37,10:00.86
10:56.59,10:19.94
9:46.13,10:19.96
11:30.32,10:19.97
10:49.71,10:20.05
10:42.90,10:20.12
10:36.84,10:20.15
11:43.54,10:17.42
10:50.60,10:20.16
10:30.71,10:20.16
10:34.17,10:20.22
10:53.09,10:20.22
11:18.09,10:20.23
10:42.33,10:20.24
10:46.44,10:20.25
10:42.12,10:20.26
11:00.29,10:20.26
10:56.49,10:20.27
10:22.52,10:20.29
11:14.33,10:20.32
10:18.47,10:20.35
10:45.17,10:20.35
10:34.12,10:20.36
10:19.74,10:20.36
10:22.88,10:20.37
10:24.67,10:20.37
10:57.34,10:20.41
10:26.44,10:20.45
10:36.21,10:20.53
10:00.01,10:20.54
10:17.52,10:20.59
11:42.82,10:20.64
10:34.00,10:20.65
10:16.02,10:20.66
10:23.68,10:12.0
12:06.95,10:20.69
10:32.85,10:20.71
10:04.44,10:20.76
10:23.78,10:20.76
10:16.27,10:20.79
10:42.11,10:20.80
10:24.04,10:20.81
10:47.09,10:20.81
10:10.04,10:20.82
10:50.14,10:20.82
10:27.04,10:20.3
10:32.52,10:20.86
10:38.77,10:18.3
9:57.40,10:20.94
9:57.94,10:21.08
20:00.0,10:21.10
10:48.09,10:21.13
11:19.75,10:18.59
10:35.89,10:21.16
10:29.56,10:21.18
10:03.89,10:21.23
11:13.96,10:21.25
10:25.55,10:21.27
11:17.66,10:21.28
11:00.4,10:21.30
10:36.18,10:21.32
11:03.89,10:21.33
10:34.68,10:21.39
10:42.6,10:21.48
10:23.08,10:21.48
10:12.81,10:21.52
10:42.80,10:21.52
10:22.48,10:21.56
10:15.33,10:21.58
10:21.95,10:21.60
10:46.63,10:21.62
11:01.54,10:21.64
12:02.79,10:21.66
10:47.69,10:17.7
11:36.56,10:21.79
11:20.03,10:21.89
10:21.19,10:21.89
11:21.23,10:21.91
10:51.46,10:22.07
10:43.37,10:22.08
10:06.70,10:22.11
10:41.26,10:22.12
10:40.74,10:22.13
11:02.30,10:22.13
10:33.10,10:22.13
10:37.52,10:22.15
10:18.1,10:22.15
10:23.29,10:22.16
11:39.16,10:22.16
10:37.85,10:22.17
10:42.04,10:22.19
11:47.78,10:22.22
11:12.75,10:22.24
11:25.83,10:20.0
11:14.56,10:22.25
11:36.82,10:22.28
10:34.90,10:08.98
10:40.10,10:22.32
11:17.67,10:22.32
10:06.66,10:22.33
11:49.33,10:22.33
10:14.95,10:22.34
10:13.91,10:22.39
10:09.00,10:22.39
10:08.37,10:22.41
11:52.84,10:22.43
10:04.50,10:22.45
10:28.06,10:22.49
10:22.98,10:22.53
10:43.01,10:22.56
10:28.01,10:22.58
11:08.12,10:22.59
11:50.64,10:22.64
10:39.61,10:22.66
9:49.08,10:22.68
11:02.36,10:22.75
11:38.37,10:22.76
11:14.64,10:22.82
10:12.49,10:22.83
10:40.76,10:22.84
10:50.5,10:22.85
10:14.01,10:22.89
10:51.36,10:22.90
11:14.18,10:22.91
11:06.83,10:22.95
11:07.33,10:23.00
11:24.14,10:23.06
10:36.57,10:23.08
10:30.46,10:23.08
10:51.32,10:19.2
10:16.82,10:23.11
11:31.83,10:23.13
11:09.25,10:23.15
10:18.59,10:23.16
10:18.07,10:23.25
10:43.93,10:23.31
10:50.04,10:23.35
10:43.39,10:23.36
11:10.84,10:23.43
10:34.30,10:23.46
10:57.61,10:23.47
10:42.84,10:23.47
10:09.77,10:00.55
10:52.74,10:23.49
10:44.60,10:22.9
10:40.93,10:23.52
12:32.2,10:23.52
10:28.26,10:23.62
10:05.69,10:23.62
10:14.74,10:23.62
10:26.81,10:23.63
10:38.33,10:23.66
10:44.51,10:23.66
10:19.86,10:23.66
10:37.95,10:23.70
10:46.11,10:23.71
12:42.78,10:23.76
10:06.54,10:23.76
10:33.66,10:23.76
10:50.91,10:23.79
10:37.79,10:23.81
11:06.33,10:23.85
10:24.37,10:23.86
11:00.8,10:23.87
10:32.2,10:23.91
11:04.91,10:23.94
10:53.92,10:23.97
10:23.30,10:23.99
10:47.46,10:24.02
11:07.32,10:24.04
10:40.83,10:24.04
10:55.34,10:21.0
10:19.58,10:24.12
10:51.5,10:24.17
11:12.60,10:24.18
10:47.25,10:24.19
10:48.84,10:24.22
11:13.98,10:24.25
11:59.85,10:24.25
10:07.55,10:24.27
10:37.0,10:24.30
10:47.53,10:24.36
10:39.78,10:24.39
10:17.54,10:23.98
11:08.16,10:24.43
10:42.32,10:24.45
11:34.71,10:24.45
10:57.90,10:24.49
10:52.19,10:24.53
10:43.74,10:22.02
11:20.68,10:24.57
10:58.60,10:24.59
10:48.67,10:24.60
10:49.24,10:24.61
11:08.72,10:24.63
10:33.88,10:24.71
11:38.48,10:24.74
10:58.80,10:24.75
11:20.81,10:24.76
10:49.04,10:24.76
10:36.7,10:24.80
11:01.16,10:24.88
11:29.90,10:24.89
10:44.76,10:24.91
10:38.38,10:24.91
10:54.75,10:24.92
10:31.01,10:24.94
11:00.65,10:24.96
10:43.86,10:24.96
11:12.66,10:24.97
11:16.25,10:25.01
11:09.59,10:25.07
10:20.28,10:25.09
10:59.11,10:25.09
11:09.73,10:25.09
11:10.58,10:25.13
10:38.00,10:25.15
9:56.63,10:25.15
9:47.39,10:25.16
10:49.44,10:25.17
10:56.4,10:25.20
11:39.08,10:25.25
10:30.30,10:25.25
10:45.20,10:25.27
10:31.50,10:25.28
10:24.05,10:25.29
10:57.49,10:25.29
12:11.83,10:25.30
11:13.50,10:25.32
10:56.61,10:25.36
10:40.95,10:25.36
10:46.73,10:25.47
10:29.22,10:25.53
10:44.76,10:25.54
11:27.3,10:25.55
10:02.91,10:25.56
11:09.30,10:25.57
11:20.20,10:25.62
10:36.6,10:25.62
10:46.4,10:25.62
10:47.59,10:25.64
10:42.86,10:25.65
10:56.14,10:25.74
11:38.98,10:25.77
12:24.77,10:25.78
10:26.7,10:25.81
10:43.12,10:25.82
10:41.95,10:25.84
11:15.48,10:25.84
10:57.77,10:13.31
11:47.81,10:23.35
11:11.00,10:25.98
10:30.99,10:26.02
10:26.10,10:26.11
10:21.42,10:26.21
10:00.47,10:26.23
10:33.89,10:26.28
10:16.39,10:26.30
10:49.26,10:26.30
11:10.96,10:26.32
10:37.64,10:26.34
10:22.54,10:26.39
10:55.05,10:26.40
11:23.62,10:26.44
10:57.79,10:26.47
10:42.36,10:26.48
11:16.67,10:26.48
11:14.67,10:26.50
11:23.62,10:26.50
11:50.02,10:26.51
11:19.83,10:26.52
11:07.8,10:26.54
11:18.97,10:26.54
11:11.11,10:26.57
10:49.75,10:26.59
11:08.78,10:26.61
10:43.26,10:26.62
11:07.44,10:26.64
10:26.13,10:26.70
10:21.69,10:26.70
10:33.59,10:26.73
10:50.25,10:26.73
11:00.74,10:26.76
10:09.44,10:26.79
11:14.51,10:26.80
10:49.60,10:26.83
10:28.34,10:26.85
11:14.33,10:26.86
11:11.87,10:26.88
11:36.9,10:26.88
10:49.08,10:26.91
11:04.92,10:26.93
10:22.45,10:26.94
10:45.49,10:26.95
11:57.81,10:26.96
10:17.38,10:26.97
10:35.75,10:27.02
10:44.97,10:27.05
10:12.88,10:27.06
10:16.52,10:27.08
11:33.5,10:27.10
11:28.53,10:27.14
11:11.22,10:27.19
10:54.85,10:27.19
10:17.76,10:27.20
10:46.26,10:27.27
10:59.44,10:27.28
10:38.33,10:27.29
10:37.45,10:27.37
11:31.8,10:27.38
10:55.50,10:27.40
10:23.14,10:27.41
10:10.24,10:27.43
10:55.04,10:27.45
10:54.77,10:27.46
10:19.00,10:27.47
10:44.04,10:24.34
11:21.17,10:27.52
11:39.21,10:27.54
10:29.17,10:27.58
10:18.03,10:27.59
11:24.29,10:27.60
11:11.2,10:27.68
10:29.48,10:27.68
10:40.37,10:27.81
11:45.66,10:27.85
10:49.39,10:27.86
10:45.21,10:27.90
10:53.76,10:27.91
10:15.22,10:27.94
11:11.38,10:27.99
10:42.8,10:28.03
10:16.56,10:28.03
11:03.81,10:28.03
10:24.42,10:28.05
10:53.17,10:28.11
12:09.68,10:28.14
10:56.06,10:28.16
11:01.75,10:28.17
11:32.03,10:28.18
10:36.00,10:28.24
9:51.75,10:28.27
10:39.68,10:28.30
10:48.38,10:28.34
10:17.99,10:28.39
11:19.09,10:23.47
10:30.13,10:28.40
10:15.54,10:28.42
10:44.60,10:28.44
10:27.59,10:28.44
11:18.21,10:28.45
10:53.11,10:28.46
10:38.43,10:28.46
10:54.38,10:28.53
10:55.85,10:28.55
10:36.64,10:28.57
11:34.46,10:28.59
10:44.27,10:28.59
9:55.79,10:28.62
11:09.95,10:28.63
9:26.43,10:28.69
10:36.25,10:28.76
10:31.52,10:28.76
10:52.11,10:28.77
10:14.07,10:28.77
11:05.77,10:28.78
10:40.80,10:28.79
10:41.77,10:28.79
12:04.27,10:28.80
10:55.89,10:28.86
11:11.11,10:28.96
10:53.67,10:29.00
10:54.84,10:29.01
10:24.45,10:29.02
12:05.5,10:29.03
10:59.53,10:29.07
11:43.58,10:29.14
10:01.82,10:29.19
10:27.99,10:29.25
10:32.70,10:29.27
10:12.18,10:29.29
10:35.80,10:29.30
10:59.77,10:13.0
10:34.66,10:29.32
10:00.10,10:29.34
11:08.40,10:29.34
11:01.30,10:29.35
11:11.37,10:29.40
10:08.3,10:29.41
10:37.81,10:29.43
12:48.57,10:29.50
10:33.57,10:29.51
11:16.48,10:29.52
11:02.15,10:29.53
11:33.30,10:29.56
10:25.11,10:29.60
11:14.46,10:29.62
10:46.25,10:29.63
10:33.77,10:29.67
11:42.12,10:29.68
10:49.90,10:29.73
11:19.34,10:29.76
10:58.86,10:29.79
10:38.64,10:29.80
10:25.45,10:29.89
10:16.83,10:29.90
10:20.52,10:29.91
10:35.18,10:29.98
10:20.00,10:30.00
11:05.00,10:30.05
10:18.66,10:30.10
10:21.27,10:27.1
11:09.42,10:30.14
11:14.60,10:30.16
11:00.0,10:31.68
11:32.36,10:31.69
10:14.65,10:31.70
10:59.37,10:31.75
10:42.73,10:31.76
11:21.26,10:31.80
11:00.54,10:31.83
11:15.5,10:31.88
11:04.51,10:31.89
10:28.77,10:31.91
10:25.75,10:32.00
11:30.26,10:32.00
11:35.75,10:32.00
11:47.40,10:32.01
11:05.81,10:32.03
10:30.80,10:32.08
10:29.53,10:11.3
11:13.23,10:32.10
10:57.66,10:32.10
11:10.29,10:32.13
10:39.26,10:32.13
11:03.8,10:32.15
10:07.10,10:32.17
11:29.7,10:32.19
11:18.28,10:32.20
11:13.44,10:32.21
10:47.71,10:32.35
10:38.44,10:32.37
12:41.36,10:32.41
11:16.91,10:32.50
10:02.86,10:32.56
11:37.79,10:32.57
11:40.00,10:32.57
11:05.43,10:32.58
10:49.06,10:32.69
10:52.89,10:32.71
11:25.17,10:32.72
10:35.58,10:32.78
10:48.06,10:32.84
10:17.97,10:32.85
10:36.90,10:32.90
10:45.0,10:32.97
10:54.84,10:33.05
11:04.30,10:33.12
10:33.06,10:33.15
10:48.94,10:33.17
11:31.37,10:33.17
12:16.36,10:33.19
10:31.33,10:33.20
10:45.66,10:33.21
11:25.94,10:33.23
11:06.02,10:33.25
9:38.55,10:33.25
10:39.32,10:33.29
11:08.72,10:33.32
11:08.73,10:33.33
11:31.42,10:33.34
11:23.87,10:33.35
11:00.32,10:33.36
12:05.68,10:33.36
10:28.27,10:33.40
11:03.46,10:33.41
10:59.06,10:33.42
10:53.72,10:33.42
11:00.45,10:33.46
10:20.24,10:33.48
10:54.22,10:33.58
11:12.70,10:33.65
10:45.05,10:33.66
10:36.62,10:33.73
10:11.29,10:33.76
10:07.11,10:33.77
10:39.11,10:33.78
11:40.0,10:33.84
12:07.94,10:33.86
10:43.40,10:33.88
10:44.69,10:33.88
11:00.69,10:33.92
10:28.41,10:33.95
10:45.66,10:34.02
10:18.31,10:34.03
10:30.77,10:34.05
11:19.32,10:34.06
10:07.35,10:34.06
10:58.53,10:34.12
10:45.27,10:34.15
10:37.75,10:34.20
11:00.52,10:34.26
10:59.17,10:34.26
11:33.78,10:34.29
9:58.06,10:34.30
10:43.97,10:34.36
11:10.52,10:34.40
10:47.68,10:34.42
10:47.67,10:34.42
10:41.29,10:34.50
11:47.40,10:34.50
10:47.86,10:34.52
10:21.10,10:34.55
11:15.23,10:34.56
10:57.08,10:34.56
10:25.99,10:34.60
12:16.53,10:34.60
11:13.54,10:34.69
11:16.50,10:34.70
11:12.41,10:34.70
10:44.43,10:34.76
11:14.12,10:34.80
12:04.22,10:34.80
11:14.43,10:34.84
10:14.04,10:34.88
10:26.81,10:34.93
10:44.64,10:34.96
11:06.42,10:34.97
11:02.72,10:35.02
10:48.25,10:35.03
12:05.65,10:35.09
10:11.08,10:35.12
10:20.16,10:35.13
11:08.63,10:35.14
11:24.1,10:35.15
12:58.39,10:35.20
10:59.14,10:35.23
10:54.93,10:35.39
11:19.86,10:35.41
10:25.70,10:35.42
10:33.78,10:35.43
10:11.92,10:35.0
10:49.82,10:35.47
10:51.93,10:35.48
11:01.0,10:35.52
11:17.39,10:35.56
10:41.70,10:35.61
11:24.79,10:35.62
11:28.62,10:35.63
11:05.71,10:35.66
11:00.12,10:35.66
11:38.10,10:35.67
11:11.52,10:35.67
11:05.58,10:35.68
11:07.79,10:35.68
11:23.2,10:35.70
10:42.24,10:35.71
11:20.40,10:35.73
11:06.57,10:35.74
11:40.36,10:35.78
10:32.15,10:35.86
10:55.44,10:35.88
10:52.85,10:35.89
10:52.82,10:35.94
10:57.77,10:35.97
10:37.82,10:35.98
11:21.81,10:35.98
10:52.15,10:36.03
11:14.02,10:36.04
11:04.38,10:36.06
11:50.3,10:36.12
10:51.55,10:36.17
12:28.08,10:36.18
10:49.5,10:36.19
10:59.34,10:36.22
10:51.99,10:22.0
11:39.77,10:36.29
11:07.29,10:36.31
11:02.52,10:36.38
11:03.19,10:36.40
10:38.37,10:36.40
10:27.96,10:36.41
11:01.80,10:36.42
11:05.68,10:36.43
10:46.90,10:36.44
10:39.03,10:36.45
10:47.90,10:36.53
10:44.31,10:36.53
11:23.09,10:36.57
11:10.19,10:36.57
11:06.78,10:36.59
11:08.29,10:36.61
10:09.11,10:36.61
10:55.71,10:36.62
10:41.05,10:36.65
10:23.72,10:36.66
10:45.50,10:36.74
10:58.25,10:36.76
10:57.91,10:36.76
10:47.14,10:33.08
11:16.74,10:36.80
11:26.92,10:36.82
11:14.2,10:36.82
10:02.25,10:36.88
10:42.03,10:36.89
10:36.85,10:36.92
10:02.70,10:36.93
10:54.05,10:36.93
10:52.85,10:36.97
11:13.71,10:37.10
11:18.88,10:31.8
10:38.91,10:37.12
11:17.59,10:37.15
10:41.20,10:37.22
11:31.96,10:37.27
10:36.35,10:37.29
12:10.27,10:37.30
11:06.17,10:37.32
11:04.55,10:37.35
10:58.23,10:37.40
10:31.54,10:37.45
11:00.42,10:37.45
10:45.13,10:37.46
10:27.06,10:35.07
11:18.05,10:37.53
11:28.34,10:37.55
11:30.32,10:37.64
11:03.90,10:37.66
10:05.42,10:37.68
11:22.98,10:37.69
10:47.11,10:37.76
11:40.21,10:37.76
11:18.14,10:37.86
10:55.26,10:37.88
10:38.75,10:37.89
9:58.41,10:37.92
11:05.72,10:37.93
11:26.27,10:29.44
10:33.67,10:37.98
11:46.09,10:37.98
10:11.61,10:38.03
10:06.4,10:38.07
10:17.96,10:38.10
10:38.99,10:38.15
10:58.95,10:38.15
10:02.77,10:38.16
11:50.26,10:38.19
10:37.92,10:38.21
10:46.94,10:38.24
10:48.87,10:38.25
10:43.25,10:38.27
10:23.32,10:38.28
10:59.27,10:38.28
10:32.85,10:38.30
11:00.03,10:38.33
10:43.60,10:38.36
11:40.33,10:38.42
11:08.12,10:38.42
12:12.67,10:38.46
10:41.16,10:38.46
10:48.43,10:38.49
10:18.29,10:38.49
11:21.53,10:38.51
10:08.46,10:38.52
10:31.25,10:38.54
11:38.95,10:38.54
10:31.56,10:38.55
10:44.76,10:38.56
10:47.28,10:38.57
12:03.82,10:38.57
10:42.03,10:38.63
10:47.02,10:38.68
10:58.87,10:38.71
10:35.29,10:38.75
10:47.17,10:38.75
10:51.65,10:38.78
10:39.10,10:38.78
11:12.21,10:38.79
10:27.94,10:38.83
13:22.3,10:38.85
12:08.94,10:38.85
11:03.27,10:38.89
11:13.09,10:38.89
11:46.47,10:38.96
11:05.4,10:38.98
11:11.2,10:38.99
11:02.62,10:39.03
12:56.0,10:39.04
10:55.75,10:39.08
11:18.33,10:39.10
10:23.46,10:39.12
11:41.68,10:39.19
11:18.24,10:39.20
10:48.40,10:39.24
10:55.55,10:39.24
11:13.22,10:39.39
11:10.42,10:39.39
9:55.72,10:39.43
10:35.07,10:39.44
10:53.18,10:39.44
10:35.11,10:39.57
10:35.68,10:39.57
11:00.26,10:39.60
11:25.93,10:39.65
10:40.65,10:39.66
10:42.66,10:39.72
11:40.25,10:39.76
11:27.00,10:39.78
11:03.28,10:39.80
12:01.08,10:39.81
11:25.10,10:39.87
10:45.33,10:39.92
10:37.46,10:39.95
11:07.52,10:40.00
10:44.84,10:32.92
9:56.88,10:40.05
10:48.18,10:40.06
11:42.68,10:40.11
11:07.69,10:40.13
10:45.09,10:40.13
11:01.07,10:40.16
12:13.36,10:40.24
11:43.74,10:40.25
10:29.86,10:40.25
11:06.65,10:40.27
11:57.44,10:40.27
10:57.66,10:40.28
10:17.46,10:40.31
10:49.61,10:40.32
10:13.11,10:40.32
9:54.22,10:40.42
11:16.14,10:40.62
10:39.92,10:40.63
11:53.8,10:40.64
10:54.68,10:40.65
10:35.24,10:40.71
10:48.00,10:40.78
10:59.41,10:40.83
10:49.14,10:40.84
12:00.51,10:40.87
11:14.80,10:40.91
10:16.90,10:40.91
10:39.11,10:40.91
10:39.64,10:40.92
11:19.23,10:40.95
11:05.95,10:41.10
10:39.32,10:41.10
11:22.95,10:41.13
11:01.2,10:41.19
10:56.31,10:41.23
10:16.46,10:41.25
11:13.98,10:41.31
11:21.79,10:41.32
10:59.59,10:41.34
10:37.51,10:41.36
10:45.90,10:41.41
10:40.00,10:37.8
10:35.9,10:41.47
11:09.63,10:41.50
10:30.51,10:41.51
9:47.46,10:41.52
10:52.68,10:41.56
11:31.95,10:41.60
11:59.94,10:41.60
10:19.61,10:41.61
11:59.1,10:41.62
10:11.24,10:41.68
10:58.69,10:41.68
11:16.06,10:41.78
10:56.92,10:41.78
10:55.04,10:35.2
10:38.06,10:41.82
10:28.05,10:41.83
10:52.20,10:41.91
10:48.88,10:41.94
11:47.74,10:41.97
10:51.88,10:42.03
11:47.2,10:42.03
10:33.94,10:42.08
11:33.27,10:42.09
10:46.92,10:42.11
10:34.51,10:42.21
10:47.12,10:42.23
11:25.10,10:42.24
12:09.1,10:42.25
11:10.77,10:42.25
10:41.34,10:42.31
11:07.73,10:42.32
10:16.04,10:42.32
10:45.68,10:42.33
10:20.86,10:42.46
10:44.27,10:42.48
10:43.92,10:42.50
11:09.53,10:42.50
11:53.08,10:42.53
10:50.70,10:42.58
11:11.40,10:42.62
11:36.37,10:42.65
13:15.32,10:42.69
11:12.73,10:42.69
11:15.7,10:29.6
11:04.8,10:42.74
11:04.19,10:42.77
10:54.39,10:42.77
10:05.38,10:42.81
11:59.07,10:42.82
10:29.36,10:42.82
10:55.02,10:42.88
11:19.05,10:42.89
11:41.27,10:42.89
11:08.0,10:42.92
11:04.47,10:43.01
11:58.84,10:31.7
10:55.92,10:43.06
11:12.81,10:43.07
10:10.3,10:43.07
10:32.33,10:43.12
10:39.84,10:43.15
10:23.51,10:43.16
11:49.75,10:35.8
10:59.66,10:43.22
11:10.8,10:43.33
10:53.99,10:43.39
10:33.15,10:43.39
10:41.50,10:43.40
11:41.42,10:19.1
10:35.50,10:43.50
12:03.23,10:43.51
10:45.85,10:43.56
11:56.28,10:43.58
10:55.10,10:43.65
10:50.06,10:43.66
10:40.98,10:43.66
11:00.55,10:43.67
10:45.82,10:43.67
10:46.25,10:43.68
11:19.53,10:43.69
10:20.21,10:43.70
11:06.45,10:43.70
10:10.79,10:43.73
11:48.58,10:43.73
10:31.08,10:43.78
11:06.95,10:43.82
11:26.81,10:43.97
11:20.42,10:44.00
14:16.0,10:44.01
11:34.97,10:44.07
10:23.65,10:41.64
14:28.61,10:44.07
11:45.27,10:44.09
11:50.67,10:44.10
11:06.63,10:44.12
10:50.14,10:44.12
10:28.50,10:44.16
11:17.93,10:44.16
10:54.54,10:44.18
11:18.76,10:44.30
10:53.75,10:44.32
11:05.57,10:44.33
11:22.86,10:44.37
10:44.83,10:44.47
10:25.42,10:44.48
11:00.50,10:44.54
10:44.10,10:44.60
12:39.46,10:44.62
10:45.72,10:29.8
11:34.2,10:44.67
11:01.19,10:44.73
9:48.69,10:44.75
10:45.03,10:44.82
11:17.58,10:44.85
9:59.67,10:44.85
10:55.08,10:44.87
12:28.54,10:44.90
10:29.34,10:44.93
10:56.9,10:44.94
11:05.07,10:45.10
11:13.03,10:20.0
10:44.73,10:45.15
10:35.39,10:45.16
11:11.95,10:45.19
10:50.75,10:45.26
11:25.42,10:45.34
11:04.99,10:45.36
11:29.23,10:45.38
10:38.67,10:45.39
11:21.53,10:45.41
11:36.28,10:45.43
11:19.00,10:45.45
10:36.77,10:45.45
11:18.94,10:45.47
10:48.90,10:45.47
12:16.5,10:45.51
12:16.99,10:45.52
10:52.67,10:45.55
10:21.39,10:45.57
10:23.51,10:45.61
10:52.97,10:45.63
11:22.04,10:45.63
10:59.50,10:45.66
10:29.00,10:16.3
11:06.40,10:45.73
10:44.13,10:45.76
11:01.68,10:45.82
10:46.54,10:45.83
10:57.88,10:45.89
11:58.32,10:45.94
10:46.57,10:45.94
10:27.58,10:45.96
10:46.53,10:45.97
10:25.36,10:46.02
10:38.66,10:46.10
11:03.75,10:46.12
10:18.4,10:46.13
10:09.48,10:46.26
11:54.34,10:46.28
12:13.03,10:46.30
11:29.67,10:46.33
10:57.70,10:46.42
11:39.38,10:46.42
10:43.51,10:46.47
10:42.31,10:46.48
10:44.73,10:46.54
11:15.2,10:46.55
11:12.93,10:46.55
11:40.84,10:46.60
12:00.02,10:46.60
10:52.15,10:46.61
10:44.25,10:46.68
10:18.90,10:31.3
11:09.10,10:46.69
11:16.65,10:46.69
10:33.42,10:46.76
11:52.5,10:46.76
10:52.34,10:46.79
11:22.07,10:46.80
10:40.06,10:46.82
11:24.19,10:46.85
11:02.73,10:46.87
11:09.88,10:46.4
11:30.58,10:46.89
12:32.43,10:42.3
10:28.56,10:46.94
10:04.96,10:47.00
10:53.46,10:47.00
10:50.59,10:47.00
11:41.72,10:47.01
10:34.07,10:47.05
10:57.56,10:47.06
11:22.7,10:47.09
11:02.92,10:47.14
11:07.88,10:47.17
11:33.54,10:47.19
10:27.65,10:47.22
12:29.6,10:47.22
11:06.7,10:47.24
11:35.50,10:47.28
11:30.00,10:47.32
10:42.07,10:47.37
11:05.74,10:47.37
10:39.50,10:47.37
10:36.19,10:47.40
10:53.11,10:47.40
10:57.35,10:47.51
11:02.10,10:47.52
12:50.30,10:47.55
10:18.42,10:47.66
10:51.92,10:47.78
11:22.70,10:47.78
11:44.22,10:47.81
11:47.50,10:47.83
11:40.0,10:47.89
11:34.77,10:47.90
11:10.89,10:47.93
11:37.40,10:47.97
10:26.78,10:47.98
11:57.14,10:48.00
10:27.40,10:48.13
10:36.65,10:35.80
10:17.71,10:48.19
11:46.23,10:48.21
10:58.20,10:46.06
10:54.05,10:48.25
10:57.86,10:48.27
11:22.93,10:48.29
10:51.17,10:48.35
13:05.30,10:48.36
10:23.09,10:48.37
10:52.36,10:48.37
12:16.57,10:48.45
11:35.27,10:48.49
9:45.46,10:48.51
11:09.59,10:48.53
11:03.23,10:48.58
10:46.10,10:48.60
11:03.13,10:48.85
11:26.22,10:48.85
10:49.57,10:48.86
20:00.0,10:48.87
10:19.81,10:48.89
11:26.60,10:48.97
11:36.03,10:48.99
10:48.53,10:49.00
10:38.58,10:49.05
10:10.19,10:49.05
10:51.55,10:27.02
10:17.88,10:49.09
11:14.50,10:49.10
10:44.78,10:49.10
10:45.00,10:49.15
10:20.87,10:49.22
11:01.09,10:49.25
11:21.82,10:49.27
11:45.79,10:49.31
11:34.03,10:49.35
10:33.34,10:49.35
10:57.54,10:49.36
10:54.08,10:49.37
11:06.78,10:49.47
10:31.57,10:49.49
11:34.00,10:49.50
10:37.62,10:49.51
10:49.37,10:49.51
12:05.32,10:49.53
10:55.41,10:49.54
10:46.35,10:49.55
11:24.14,10:49.58
12:10.23,10:49.61
10:51.86,10:49.61
11:14.70,10:49.62
10:45.75,10:49.64
11:02.0,10:49.67
11:16.86,10:49.69
10:45.5,10:45.31
11:11.48,10:49.75
10:29.41,10:49.80
12:11.0,10:49.82
10:54.72,10:49.91
11:27.99,10:49.99
11:17.67,10:46.7
10:58.94,10:50.02
11:10.78,10:50.02
11:29.3,10:50.02
11:19.50,10:50.04
11:01.50,10:50.04
10:55.27,10:50.05
10:57.20,10:50.07
10:27.08,10:45.0
10:51.44,10:50.15
10:51.08,10:50.16
10:37.0,10:50.17
10:56.88,10:50.18
11:38.12,10:50.24
11:11.69,10:50.25
11:29.51,10:50.27
11:21.55,10:50.32
12:02.34,10:23.0
11:25.97,10:50.38
10:35.37,10:50.39
11:11.0,10:50.46
11:26.62,10:50.47
11:07.72,10:50.50
14:17.33,10:50.53
11:10.99,10:50.57
11:09.3,10:50.59
10:56.24,10:50.62
11:20.56,10:50.62
11:56.25,10:50.68
11:07.10,10:50.69
11:18.45,10:50.73
11:51.12,10:40.95
11:27.66,10:50.78
10:39.38,10:50.83
11:02.55,10:50.83
11:27.06,10:50.83
10:33.9,10:50.83
10:36.36,10:50.86
10:44.96,10:50.87
10:59.20,10:50.88
10:46.64,10:50.90
12:23.2,10:50.92
11:39.10,10:50.94
11:38.29,10:50.96
11:04.37,10:50.97
11:06.50,10:50.98
10:38.03,10:50.98
12:07.64,10:51.01
11:02.88,10:51.03
9:35.57,10:51.08
11:09.06,10:51.11
10:57.55,10:51.13
12:55.25,10:51.15
11:23.15,10:51.15
10:37.32,10:51.18
10:35.62,10:51.21
11:54.13,10:51.23
11:12.24,10:51.24
10:42.61,10:51.27
10:47.08,10:51.27
11:41.79,10:51.31
10:30.15,10:51.33
11:23.69,10:51.35
13:12.00,10:51.37
11:51.74,10:51.39
11:25.05,10:51.42
10:47.18,10:51.43
11:15.50,10:51.46
11:36.15,10:51.48
13:02.74,10:51.49
11:51.98,10:51.61
10:09.69,10:51.61
12:04.96,10:51.70
11:09.90,10:51.71
10:36.11,10:51.77
12:09.54,10:51.78
10:50.64,10:38.2
11:18.65,10:51.84
10:56.60,10:51.85
12:04.68,10:51.86
11:17.12,10:47.0
11:26.50,10:51.90
10:14.88,10:51.92
11:02.25,10:50.0
10:57.15,10:32.3
10:54.01,10:52.00
11:18.56,10:52.01
10:59.47,10:52.01
11:30.45,10:52.03
10:56.08,10:52.08
11:10.33,10:52.10
11:27.34,10:52.11
10:35.58,10:52.19
11:20.49,10:52.20
11:12.22,10:52.22
10:45.70,10:52.25
11:09.74,10:50.7
11:23.54,10:52.26
10:42.36,10:52.29
10:59.0,10:52.29
10:45.8,10:52.29
11:29.32,10:52.29
10:25.42,10:52.35
11:03.04,10:52.36
10:35.09,10:52.37
10:48.44,10:52.44
11:04.6,10:52.45
11:14.04,10:52.47
11:09.98,10:52.48
11:32.09,10:52.49
11:05.58,10:52.51
11:02.86,10:52.53
11:07.78,10:52.55
10:40.96,10:52.59
11:34.9,10:52.61
11:08.65,10:52.64
11:17.18,10:52.64
10:33.93,10:52.64
11:05.30,10:52.66
11:43.47,10:52.66
11:17.81,10:52.67
12:29.09,10:52.73
11:00.56,10:52.74
11:23.03,10:52.78
9:51.32,10:52.79
10:58.33,10:52.90
12:03.03,10:52.94
11:00.36,10:53.00
10:42.47,10:53.02
10:24.40,10:53.04
10:57.48,10:53.08
11:55.94,10:53.17
10:58.42,10:53.18
11:05.51,10:53.18
11:40.00,10:53.18
11:46.26,10:53.20
10:46.35,10:53.20
11:18.03,10:53.22
11:44.13,10:53.23
11:14.68,10:53.24
10:48.45,10:53.24
12:09.99,10:53.32
11:20.90,10:53.33
11:06.71,10:53.35
13:15.09,10:53.37
10:47.46,10:53.37
11:57.57,10:53.44
10:56.76,10:53.44
10:59.94,10:53.47
11:46.88,10:53.49
11:00.81,10:53.50
11:41.0,10:53.51
10:32.09,10:53.53
10:55.49,10:53.61
10:58.88,10:53.66
10:49.10,10:53.67
10:26.72,10:53.68
10:31.09,10:53.71
10:14.58,10:53.80
10:36.57,10:53.80
10:45.91,10:53.84
10:28.63,10:48.8
10:35.06,10:53.91
11:03.09,10:53.92
11:00.88,10:53.97
11:09.55,10:54.01
12:27.63,10:54.02
11:45.62,10:54.03
11:19.88,10:54.07
11:01.56,10:54.07
10:58.33,10:54.08
11:06.55,10:54.15
11:55.28,10:54.16
10:55.49,10:54.18
11:32.00,10:54.22
10:55.67,10:54.28
11:59.81,10:54.32
10:35.40,10:54.34
12:15.14,10:54.35
11:06.32,10:38.1
11:59.63,10:54.35
10:41.3,10:54.38
11:51.16,10:54.44
11:42.31,10:44.7
10:47.82,10:54.49
10:30.53,10:54.54
10:31.74,10:54.58
12:01.20,10:54.60
10:46.64,10:54.65
12:04.79,10:54.67
10:52.81,10:54.67
11:23.60,10:54.68
11:45.60,10:54.69
10:45.96,10:54.70
11:55.21,10:54.73
11:08.65,10:54.74
11:00.17,10:54.74
10:50.37,10:54.79
11:28.40,10:54.80
11:31.36,10:31.3
10:52.95,10:54.88
11:57.33,10:54.94
20:00.0,10:54.95
11:19.7,10:54.98
10:42.54,10:55.03
12:56.8,10:55.06
10:55.32,10:55.07
11:26.34,10:55.10
11:10.64,10:55.14
10:44.68,10:55.15
10:39.79,10:55.18
12:06.4,10:55.26
11:15.76,10:55.28
11:38.07,10:55.29
10:45.5,10:55.34
12:12.81,10:55.35
11:30.98,10:55.36
11:44.1,10:55.38
12:15.40,10:55.41
11:16.51,10:55.42
12:06.82,10:45.5
11:36.52,10:55.56
10:39.82,10:55.61
10:39.05,10:55.62
10:56.11,10:55.73
10:58.81,10:55.76
10:39.95,10:55.82
10:55.53,10:55.86
11:19.53,10:55.86
10:37.86,10:55.87
11:20.32,10:55.91
10:25.85,10:55.91
11:43.06,10:56.02
10:57.17,10:39.0
10:42.50,10:56.03
10:58.98,10:56.04
11:15.91,10:56.05
11:09.76,10:56.08
13:15.12,10:56.09
10:05.86,10:56.15
10:43.92,10:56.25
11:17.36,10:56.26
10:52.41,10:56.26
11:50.67,10:56.28
11:39.39,10:56.30
11:45.97,10:56.30
10:31.78,10:56.32
11:43.60,10:56.36
12:30.54,10:56.37
11:29.41,10:56.39
10:44.91,10:56.39
12:16.0,10:56.41
11:06.49,10:56.58
11:41.75,10:56.62
11:09.24,10:56.66
11:24.85,10:56.67
9:47.44,10:56.69
11:01.61,10:39.5
10:46.72,10:56.71
10:32.84,10:56.73
10:21.67,10:56.74
11:34.65,10:56.74
11:18.64,10:56.78
12:07.97,10:56.78
11:28.48,10:56.83
11:11.68,10:56.89
